Soil,Ae,TimeDown,TimeUp,Cmax,Cmin
sandy-clay,0.5,17.49999999999998,9.300000000000132,8.468182927140617e-05,1.3955582136892258e-06
sandy-clay,1.0,8.899999999999984,4.699999999999983,4.2340914635703084e-05,6.977791068446129e-07
sandy-clay,1.5,5.999999999999995,3.0751850083204655,2.8227276423802057e-05,4.6518607122974195e-07
